line,D1M1,D1M2,D1M3,D1M4,D1M5,D1M6,D1M7,D1M8,D1M9,D1M10,D1M11,D1M12,D1M13,D1M14,D1M15,D1M16,D2M1,D2M2,D2M3,D2M4,D2M5,D2M6,D2M7,D2M8,D2M9,D2M10,D2M11,D2M12,D2M13,D2M14,D2M15,D2M16,D3M1,D3M2,D3M3,D3M4,D3M5,D3M6,D3M7,D3M8,D3M9,D3M10,D3M11,D3M12,D3M13,D3M14,D3M15,D3M16,D4M1,D4M2,D4M3,D4M4,D4M5,D4M6,D4M7,D4M8,D4M9,D4M10,D4M11,D4M12,D4M13,D4M14,D4M15,D4M16,D5M1,D5M2,D5M3,D5M4,D5M5,D5M6,D5M7,D5M8,D5M9,D5M10,D5M11,D5M12,D5M13,D5M14,D5M15,D5M16
,1,1,1,1,1,1,1,1,1,1,1,1,1,1,1,1,2,2,2,2,2,2,2,2,2,2,2,2,2,2,2,2,3,3,3,3,3,3,3,3,3,3,3,3,3,3,3,3,4,4,4,4,4,4,4,4,4,4,4,4,4,4,4,4,5,5,5,5,5,5,5,5,5,5,5,5,5,5,5,5
,0,10,20,30,40,50,60,70,80,90,100,110,120,130,140,150,0,10,20,30,40,50,60,70,80,90,100,110,120,130,140,150,0,10,20,30,40,50,60,70,80,90,100,110,120,130,140,150,0,10,20,30,40,50,60,70,80,90,100,110,120,130,140,150,0,10,20,30,40,50,60,70,80,90,100,110,120,130,140,150
1,B,B,B,B,B,B,B,B,B,B,B,B,B,B,B,B,B,B,B,B,B,A,A,A,A,B,B,B,B,B,B,B,A,A,A,A,A,B,B,B,B,B,B,A,B,B,B,B,A,A,A,A,A,A,A,A,A,A,A,B,A,B,B,B,B,B,B,B,B,B,B,B,B,B,A,A,A,A,A,A
2,B,B,B,A,A,A,A,A,A,A,A,A,A,A,B,B,B,B,B,B,B,B,B,B,A,A,B,B,B,A,A,A,B,B,B,B,B,B,B,A,B,B,B,B,B,A,B,B,B,A,B,A,B,B,B,B,A,A,A,B,B,B,B,B,B,B,B,B,B,B,B,B,B,B,B,B,B,B,B,B
3,B,B,B,B,B,B,B,B,B,B,B,A,A,A,A,B,A,B,B,B,A,A,B,B,B,B,B,B,B,B,A,B,A,B,B,B,A,A,A,B,B,B,B,B,B,B,B,B,B,B,B,A,B,B,B,B,B,B,B,B,B,B,A,A,A,A,A,A,A,A,A,B,B,B,B,A,A,A,A,A
4,B,A,B,B,B,B,B,B,B,B,B,B,B,B,B,B,B,B,A,B,B,B,B,B,B,B,B,B,B,A,A,A,A,A,B,B,B,B,B,B,B,B,B,A,A,B,B,B,B,B,B,B,B,A,A,A,A,A,A,A,A,A,A,B,B,B,A,A,A,A,A,A,A,A,A,A,A,A,A,A
5,B,B,B,B,B,B,A,B,A,A,B,B,B,A,A,A,A,A,A,A,A,A,A,A,A,A,A,A,A,A,A,B,B,B,B,B,B,B,B,A,A,A,A,A,A,A,A,A,A,A,A,B,B,B,A,A,A,B,B,B,B,B,B,B,A,A,A,A,A,A,A,A,A,A,A,A,B,A,A,A
6,B,B,B,B,B,B,A,A,A,A,A,A,A,B,B,A,B,A,B,B,B,B,B,B,B,B,B,B,B,B,B,B,B,B,B,B,B,B,B,B,B,A,A,A,A,B,B,B,A,B,A,B,B,B,B,B,B,B,B,B,B,B,A,A,A,A,B,B,B,B,B,B,B,B,B,B,B,B,B,A
7,B,B,B,B,B,B,A,A,A,B,A,A,A,A,A,A,B,B,B,B,B,B,B,A,A,A,A,A,A,A,A,A,A,A,B,B,A,A,A,A,A,A,B,B,A,A,A,B,A,A,A,A,A,A,A,A,A,A,A,A,A,A,A,A,B,B,B,B,B,B,B,B,B,B,B,B,B,A,A,A
8,A,A,A,A,B,B,B,B,B,B,B,B,A,A,A,A,B,B,B,B,B,B,B,B,B,B,B,B,B,B,A,A,A,B,B,A,A,A,A,B,A,B,B,B,B,A,B,B,B,B,B,A,A,A,A,B,B,B,B,B,B,B,A,B,B,B,B,B,A,A,A,A,A,A,B,B,A,A,A,A
9,B,A,A,A,B,A,A,B,B,A,A,A,A,A,A,B,B,B,B,B,B,B,B,B,A,A,A,B,B,B,A,B,B,B,A,B,B,A,B,B,B,B,B,B,B,B,B,B,A,A,A,A,A,A,A,B,B,B,B,B,B,B,B,B,A,A,A,A,A,A,A,A,B,B,B,B,B,B,B,B
10,A,A,A,A,A,A,A,B,B,A,A,A,A,A,A,A,B,B,B,B,B,B,B,B,B,B,B,B,B,A,A,A,B,B,B,B,B,B,B,A,A,A,A,A,A,A,A,A,B,B,B,B,B,B,B,B,B,B,B,B,B,B,B,B,B,B,B,B,A,B,B,B,B,B,B,B,B,B,A,A
11,B,A,A,A,A,A,A,B,A,A,A,A,A,A,A,A,B,B,B,B,B,B,A,A,A,A,A,A,A,A,A,A,A,A,A,A,A,A,A,A,A,A,A,A,A,A,A,B,A,B,A,A,A,A,A,B,A,A,A,A,A,A,A,A,B,A,A,A,A,A,B,B,B,B,B,A,B,B,A,A
12,A,A,B,B,B,B,B,B,B,B,B,B,B,B,B,A,B,B,B,B,A,B,B,B,B,B,B,B,B,B,A,B,A,A,A,A,A,A,A,B,B,B,B,B,B,B,B,A,B,B,B,B,B,B,B,B,B,B,B,B,B,B,B,B,B,A,A,A,A,A,A,A,A,A,A,A,A,A,A,A
13,B,B,B,B,B,B,B,B,A,A,A,B,B,A,A,A,A,A,A,A,A,A,A,A,A,A,A,A,A,A,B,B,B,B,B,B,B,B,B,B,B,B,B,B,B,B,B,B,B,B,B,B,A,A,B,A,B,B,B,B,B,B,B,B,B,A,A,A,A,A,A,B,B,B,A,A,B,B,B,B
14,A,A,A,A,A,A,A,A,B,A,A,A,A,A,A,A,B,A,A,B,A,A,A,B,B,B,B,B,B,B,B,B,A,A,A,A,A,A,B,A,B,B,B,B,B,B,B,B,B,A,A,A,A,A,A,A,A,B,B,B,B,B,B,B,B,B,B,B,B,B,B,B,B,B,B,B,B,B,B,B
15,B,A,A,A,A,A,A,A,A,A,A,A,A,A,A,A,B,B,B,B,B,B,B,A,A,A,A,A,A,A,A,A,A,A,A,A,A,A,A,B,A,A,A,A,A,A,A,A,B,B,B,B,B,B,A,A,A,A,A,B,B,B,B,A,A,A,B,B,A,A,A,A,B,B,B,B,B,B,B,B
16,A,A,A,B,A,B,B,B,A,A,A,B,B,B,B,A,B,B,B,B,B,B,B,B,B,B,A,A,A,A,A,B,A,A,A,A,A,A,A,A,B,B,B,B,B,B,B,B,A,A,A,A,A,A,A,B,B,B,B,B,B,B,B,B,B,B,B,B,B,B,B,A,A,A,A,B,B,B,B,B
17,B,B,B,B,B,B,B,B,B,B,B,A,A,A,A,A,B,A,A,A,B,B,B,B,A,B,A,A,A,A,A,A,A,A,A,B,B,B,B,B,B,B,B,A,B,A,A,A,A,A,A,A,A,A,A,A,A,B,A,A,A,A,A,A,B,B,B,B,B,B,B,B,A,B,B,B,B,B,B,B
18,A,A,B,B,B,B,B,B,A,A,B,B,A,B,A,A,B,B,B,B,B,A,A,A,A,A,A,A,A,A,A,B,A,A,A,B,A,A,A,A,A,A,A,A,A,A,B,B,A,A,A,A,B,B,B,B,B,A,A,A,A,A,A,A,B,B,B,B,B,A,A,A,A,A,A,B,B,B,B,B
19,B,B,A,B,B,B,B,B,A,A,A,B,B,A,A,A,B,B,B,B,B,B,B,B,B,A,A,B,B,B,B,B,B,B,B,A,A,A,A,A,B,A,A,A,B,A,B,B,A,A,A,B,B,B,B,B,B,B,B,A,A,A,A,A,B,B,A,A,A,A,A,A,A,A,A,A,A,A,A,A
20,A,A,A,A,B,B,B,B,A,A,A,A,A,A,B,B,A,A,A,B,A,A,A,A,A,A,A,B,B,B,B,B,A,A,B,A,A,A,B,B,B,B,B,B,B,B,B,B,B,B,B,B,B,B,B,B,B,B,B,B,B,B,B,A,B,B,B,B,A,B,B,A,A,B,B,B,B,B,B,B
21,B,B,B,B,A,B,A,B,B,B,B,B,B,A,A,A,A,A,A,A,A,B,B,B,B,B,B,B,B,B,A,A,A,A,A,A,A,A,A,A,B,B,B,B,B,B,B,B,B,A,A,A,A,A,A,A,A,A,A,A,A,A,A,A,A,A,A,A,B,A,A,A,B,B,B,B,A,A,A,A
22,A,B,B,B,B,B,B,B,B,B,B,B,B,B,B,B,A,B,A,B,B,B,B,B,B,B,B,B,B,A,A,A,A,A,A,A,A,A,B,B,B,B,A,A,A,B,B,A,A,A,A,A,A,B,B,B,B,B,B,B,B,A,B,B,B,B,B,A,A,A,A,B,B,B,B,B,B,A,A,A
23,B,B,B,A,B,B,B,B,B,B,A,B,B,B,B,B,A,A,A,A,A,A,B,B,B,B,B,B,A,A,A,A,B,A,A,A,A,A,A,A,A,A,A,A,A,A,A,A,B,B,B,B,A,A,A,A,A,A,A,A,A,A,A,A,A,A,A,A,A,A,A,B,B,A,B,B,A,A,A,A
24,A,A,A,A,A,A,A,A,A,A,A,A,A,A,B,B,A,A,A,A,A,A,A,A,A,A,B,B,B,B,B,B,B,A,B,B,B,B,B,B,B,A,A,A,A,A,A,B,B,B,A,A,A,A,A,A,A,A,A,A,A,A,A,A,B,B,B,B,B,B,B,A,A,A,B,B,B,B,B,B
25,B,B,B,B,B,B,B,B,A,A,A,A,A,A,A,A,A,B,B,B,A,A,A,A,A,A,B,B,B,B,A,A,A,A,A,A,A,B,B,B,B,B,A,A,B,B,B,B,A,A,A,A,A,A,A,A,A,A,A,A,B,B,B,B,B,B,B,B,B,B,B,B,B,B,A,B,B,A,A,A
26,B,B,B,A,A,A,A,A,A,A,A,A,A,A,A,A,B,A,A,B,B,B,B,B,A,A,A,B,B,B,A,B,A,B,A,B,B,B,B,B,B,B,A,A,A,A,B,B,A,B,B,B,B,B,A,A,A,A,A,A,A,A,A,A,A,A,B,B,B,B,B,B,B,B,B,B,A,A,A,A
27,A,A,A,A,A,A,A,A,A,A,A,A,A,A,A,A,B,B,B,A,A,A,A,A,A,A,A,B,B,B,B,B,A,A,A,A,A,A,A,A,A,A,A,A,A,A,A,A,A,A,B,B,B,B,B,B,B,B,B,B,B,A,A,A,B,A,A,A,A,A,A,A,A,A,A,A,A,A,A,A
28,B,B,B,B,B,B,B,B,A,A,B,B,B,B,B,B,B,A,A,A,A,A,A,A,A,A,A,B,B,B,B,B,A,A,B,B,B,B,B,B,B,B,B,B,B,A,A,A,A,A,A,A,A,A,B,B,B,B,B,A,A,A,A,A,B,B,A,A,A,A,A,A,A,A,A,A,A,A,A,A
29,B,B,A,B,B,B,B,B,B,B,B,B,B,B,B,B,A,A,A,A,A,A,A,B,B,B,B,B,B,B,B,B,A,B,B,B,B,B,B,B,B,B,B,B,A,A,A,A,A,A,A,A,A,A,A,A,A,A,A,A,A,A,B,B,A,A,A,A,B,B,B,A,B,B,A,B,B,B,B,B
30,B,B,B,B,B,B,B,B,B,B,B,A,A,A,A,A,A,A,A,A,A,A,A,A,A,A,A,A,A,A,A,A,A,A,A,A,B,B,B,B,B,B,B,B,B,B,B,B,B,B,B,A,A,A,A,B,B,A,B,A,B,B,B,B,A,B,B,A,A,A,A,A,A,A,A,A,A,A,A,B
31,B,B,B,B,B,B,A,A,A,A,A,B,B,B,A,A,B,B,A,A,A,A,A,A,A,B,B,B,A,A,A,B,B,B,A,A,A,A,A,A,A,A,A,A,B,B,B,B,A,A,A,A,A,A,A,A,A,B,B,B,B,B,B,B,A,B,B,B,A,A,A,A,A,A,A,A,A,A,A,A
32,A,A,A,A,A,A,A,A,A,A,A,A,A,B,B,B,A,A,A,A,B,B,B,B,B,B,B,B,B,B,B,B,B,A,A,A,A,A,A,A,A,A,A,A,A,A,A,A,B,A,A,B,B,B,B,B,B,B,B,A,A,A,A,A,B,B,B,B,B,A,B,B,A,B,B,B,B,B,B,B
33,B,B,A,A,A,A,A,A,A,A,A,A,A,A,A,B,B,B,B,A,A,A,A,B,B,A,A,A,A,A,A,A,B,B,B,B,A,A,A,A,A,A,B,A,A,B,B,A,B,B,B,B,B,B,B,B,B,B,B,B,B,B,B,B,B,B,B,A,B,B,A,B,B,B,B,A,A,A,A,A
34,B,B,B,B,A,A,A,B,B,B,B,B,B,B,B,B,B,B,B,B,B,B,B,B,B,B,B,B,B,A,A,B,A,A,A,A,A,A,B,B,A,A,A,A,A,A,A,B,A,A,A,A,A,A,A,A,A,A,A,A,B,B,B,A,A,A,A,A,A,A,A,A,B,B,B,B,B,A,B,B
35,B,B,B,B,A,A,A,A,A,A,A,A,A,B,B,A,B,B,B,B,B,B,B,B,B,B,A,A,A,A,A,A,A,A,A,A,A,A,A,B,B,B,B,B,B,B,B,B,A,B,A,B,B,B,B,B,B,A,A,A,A,A,A,A,A,A,A,A,A,A,B,B,A,A,B,B,B,B,A,A
36,B,B,B,B,B,B,A,A,A,A,B,A,B,B,B,B,A,A,A,A,A,A,A,A,A,A,B,B,B,B,B,B,B,B,A,A,A,A,A,B,B,B,A,A,A,A,A,A,B,B,B,B,B,A,A,A,A,A,A,A,A,B,B,B,B,B,A,A,A,A,B,B,B,B,B,B,B,A,A,A
37,A,A,A,A,A,A,A,A,A,A,A,A,A,A,A,A,B,B,B,B,B,B,B,B,B,B,B,B,B,A,A,A,A,B,B,B,B,B,B,B,B,B,B,B,B,A,A,B,A,A,A,A,A,B,B,A,A,A,A,A,A,A,B,A,A,A,B,B,B,B,A,B,B,B,B,B,B,B,B,B
38,A,A,A,A,A,A,A,B,B,A,A,A,A,A,A,A,A,A,A,B,B,B,B,B,B,B,B,B,B,A,B,B,B,B,A,A,A,A,A,A,B,B,A,A,B,B,B,A,B,B,A,A,A,A,A,B,A,B,A,A,A,B,B,B,B,B,A,A,A,A,B,B,B,B,B,B,A,B,B,B
39,A,A,A,A,A,B,B,A,A,A,A,A,A,A,A,A,B,B,B,B,B,B,A,A,B,B,B,B,B,B,B,B,A,B,B,B,A,A,A,A,A,A,A,A,A,A,A,A,B,B,B,B,B,B,B,A,A,A,A,A,A,A,A,A,A,A,A,A,A,A,A,A,A,A,A,A,A,A,A,A
40,B,B,B,A,A,A,A,A,B,B,B,B,B,A,A,A,B,A,A,A,B,B,B,B,B,B,B,B,B,B,B,B,B,B,B,B,B,B,A,A,A,A,A,A,A,A,A,A,A,A,A,A,A,A,A,A,A,A,A,A,A,A,A,A,A,A,A,A,A,A,A,B,A,B,B,B,B,B,B,B
41,A,A,A,A,A,A,A,A,A,A,A,A,A,A,A,B,A,A,B,B,B,B,B,B,B,B,B,B,B,B,B,B,A,B,A,A,A,A,B,B,B,B,B,B,A,B,B,B,B,B,A,A,B,B,B,A,B,B,A,B,B,A,A,A,A,A,A,A,A,A,A,A,A,A,A,B,A,A,A,A
42,B,B,B,B,B,B,B,B,B,A,A,A,A,A,A,A,A,A,A,A,A,A,A,A,B,B,B,B,B,B,B,B,A,A,A,A,A,B,B,B,B,B,B,B,A,A,A,A,B,B,B,B,B,B,B,B,A,B,B,B,B,A,A,A,A,A,A,A,A,A,A,A,A,B,B,B,B,B,B,B
43,B,B,B,B,A,A,A,A,A,B,B,B,B,B,B,B,A,A,B,B,B,B,B,A,A,A,A,A,A,A,A,A,A,A,B,B,B,B,A,B,B,B,B,B,B,B,B,B,B,B,B,B,B,B,B,B,B,B,B,B,B,B,B,A,B,B,B,A,A,B,B,B,B,B,B,A,A,B,B,B
44,A,A,A,A,B,B,B,B,B,B,B,B,B,A,A,B,A,A,A,A,A,A,A,A,A,A,A,A,A,A,B,A,A,B,A,B,B,A,A,A,B,B,B,B,B,B,B,B,A,A,A,A,A,A,A,A,B,B,B,B,A,A,A,A,B,A,A,B,B,B,B,B,B,B,B,B,B,B,A,A
45,B,B,B,B,B,B,B,B,B,A,A,A,A,A,A,A,A,A,A,A,A,A,A,A,A,A,A,A,A,A,A,B,A,A,A,A,B,A,A,A,A,B,B,B,B,B,B,B,B,A,A,A,A,A,A,A,A,A,A,A,B,B,B,B,A,A,A,A,B,B,B,B,B,A,A,A,A,A,A,A
46,B,B,B,B,B,B,B,B,B,B,B,B,B,B,B,B,B,A,A,A,A,B,B,B,B,B,B,B,B,B,B,B,A,A,A,A,A,A,A,A,A,A,A,A,A,B,B,A,A,A,A,B,B,B,B,B,B,B,B,B,B,B,B,B,B,B,B,B,A,A,A,B,B,B,B,B,A,A,A,A
47,A,A,A,A,A,A,A,A,A,A,A,A,A,A,A,A,B,B,B,B,B,B,B,B,B,B,B,B,B,B,B,B,A,A,A,A,B,B,B,B,B,B,B,B,B,A,A,A,B,A,B,B,B,B,B,B,B,B,A,A,B,A,A,A,A,A,A,A,A,B,B,B,A,A,A,A,A,A,A,A
48,A,A,A,A,A,A,A,A,A,A,A,A,B,A,A,A,B,B,B,A,A,A,A,A,A,B,B,B,B,B,B,B,A,A,A,B,A,A,B,B,B,A,A,A,A,B,B,B,B,B,B,B,B,B,B,B,A,A,A,A,A,A,A,A,A,A,A,A,A,B,B,B,B,A,A,A,A,A,A,A
49,A,A,A,B,A,B,B,B,B,B,B,B,B,B,A,B,B,B,B,B,B,B,B,B,B,B,A,A,A,A,A,A,A,A,B,B,B,B,A,A,A,A,A,A,A,B,B,B,A,B,A,A,A,A,A,A,A,B,B,B,B,B,B,B,A,A,A,A,A,B,B,B,B,B,A,A,A,A,A,A
50,B,A,A,A,A,A,A,A,A,A,A,B,B,A,A,A,B,A,A,A,B,B,B,B,B,A,A,A,A,A,A,A,A,A,A,A,B,A,B,A,A,B,B,B,B,B,B,B,A,B,A,A,A,B,B,B,B,B,B,B,B,A,A,A,A,A,A,A,A,A,B,B,B,A,A,A,A,A,A,A
51,B,B,B,B,B,B,A,A,A,A,A,A,A,A,B,B,B,B,B,B,B,B,A,A,A,B,B,B,B,B,A,B,A,A,A,A,A,B,B,B,B,B,B,B,B,B,B,B,A,A,A,A,A,A,A,A,A,A,B,B,B,B,B,B,B,B,B,B,B,B,B,B,B,A,A,A,A,B,B,A
52,A,A,B,B,B,B,A,A,B,B,B,B,B,B,B,B,B,B,B,B,B,B,B,B,B,B,B,B,B,B,B,B,B,B,B,A,A,A,A,A,A,B,B,B,B,B,B,B,B,B,B,B,B,B,B,B,B,B,B,B,B,B,B,B,B,B,B,B,B,B,B,B,B,B,B,B,A,A,A,B
53,B,A,A,B,B,B,B,B,B,B,A,A,B,B,B,A,B,B,A,A,A,A,A,A,B,B,B,A,A,B,B,B,B,B,B,B,B,B,B,B,B,B,B,B,B,B,B,B,B,B,B,B,A,A,A,A,A,A,A,A,A,A,A,A,B,B,B,B,B,B,B,B,B,B,A,A,A,A,A,A
54,A,A,A,A,A,A,B,B,B,B,B,B,A,A,A,A,A,A,A,A,A,A,A,A,A,A,A,A,A,A,B,B,B,B,B,A,A,A,A,A,A,A,A,B,A,A,A,A,B,B,B,A,A,A,A,A,A,A,A,A,A,A,A,A,B,B,A,A,A,A,A,A,A,A,A,A,A,A,A,A
55,A,A,A,A,A,A,B,B,B,A,A,A,A,A,A,A,A,A,A,A,A,A,A,A,A,A,A,A,A,A,A,A,A,A,A,A,A,A,A,A,A,A,A,A,A,A,A,A,A,A,A,A,A,A,A,A,A,A,A,A,B,B,B,B,B,B,B,B,B,A,B,B,A,A,A,A,A,A,A,A
56,A,A,A,A,A,A,B,A,A,A,B,A,A,A,A,A,B,A,B,B,B,A,A,B,A,A,B,B,B,B,B,B,B,A,A,A,A,A,A,A,A,A,A,A,A,A,A,A,B,B,B,A,B,B,B,B,B,A,A,A,A,A,A,B,B,B,A,A,A,A,A,A,A,A,A,A,A,A,A,A
57,A,A,A,A,A,A,A,A,A,A,A,A,A,A,B,B,B,B,B,B,B,B,B,B,B,B,B,B,B,B,A,A,A,B,B,A,B,B,B,B,B,B,B,B,B,B,A,A,A,B,B,B,B,B,B,B,A,A,A,A,A,A,A,A,B,B,B,A,A,A,A,A,B,A,A,A,B,B,A,B
58,A,A,A,B,B,B,B,B,B,A,A,A,A,A,A,A,A,B,B,B,B,B,B,B,A,A,A,A,A,A,A,A,B,B,A,A,A,A,A,B,B,B,B,B,B,B,B,A,B,B,B,B,B,B,B,B,A,B,B,B,A,A,A,B,A,A,A,A,A,A,A,A,A,A,A,A,A,A,A,A
59,A,B,A,B,B,B,B,B,B,B,B,B,B,B,B,B,A,A,A,B,B,B,B,B,A,A,B,B,B,B,B,B,B,B,B,A,A,A,B,B,B,A,A,A,A,B,B,B,A,A,B,B,A,A,A,A,A,B,B,B,B,B,B,B,B,B,B,B,B,B,B,B,A,B,B,B,B,B,B,A
60,B,A,A,A,A,A,A,A,A,A,A,A,A,B,B,B,B,B,B,B,B,B,B,B,A,A,A,A,A,A,B,A,B,B,B,B,B,B,B,B,B,A,B,B,B,B,B,B,A,A,A,B,B,A,A,A,A,A,A,A,B,B,B,B,B,B,B,B,B,B,B,B,B,B,B,B,A,B,B,B
61,B,A,B,B,B,B,B,B,B,B,B,B,B,B,A,A,A,A,A,A,A,A,A,A,A,A,B,B,A,A,A,A,A,B,B,B,B,B,A,A,A,A,B,B,A,A,A,B,B,B,A,A,B,A,A,B,B,A,A,A,A,A,A,B,B,B,B,B,B,B,B,B,B,A,A,A,A,A,A,B
62,A,B,B,B,B,B,B,B,B,B,B,B,A,A,A,A,B,B,B,B,B,B,B,B,B,B,A,B,B,B,B,A,A,A,A,B,B,B,B,A,B,B,B,B,B,B,B,B,A,A,B,B,B,B,B,B,B,B,B,B,B,B,B,B,A,A,B,B,A,B,B,B,B,B,B,A,A,B,B,B
63,A,A,A,A,B,B,B,B,A,A,A,A,A,A,A,A,B,B,B,B,B,B,B,B,B,B,B,B,B,B,B,B,B,B,A,A,A,A,A,A,A,A,A,A,A,A,A,A,B,A,A,B,B,B,B,B,B,B,B,A,A,B,A,A,B,A,A,B,B,B,B,A,B,B,B,B,B,B,B,B
64,B,B,A,A,A,A,B,B,B,B,B,B,B,A,A,A,A,A,A,A,A,A,A,A,A,A,A,A,A,A,A,A,A,A,B,B,A,B,B,B,B,B,B,B,B,B,B,B,B,B,B,B,B,B,B,B,B,B,B,B,B,B,B,A,B,B,B,A,A,A,A,A,A,B,A,A,A,B,B,B
65,A,B,B,B,B,B,B,B,A,B,A,B,B,B,B,B,B,A,A,B,B,B,B,B,A,A,A,A,A,A,A,A,A,A,A,A,A,B,B,A,B,B,A,A,B,B,A,A,B,B,B,B,B,B,A,A,B,B,B,B,B,B,B,B,B,B,B,B,B,A,A,B,B,B,B,B,B,A,B,B
66,A,A,A,A,B,B,B,B,B,A,A,A,A,A,B,B,A,A,B,B,B,B,B,B,B,B,B,B,B,B,B,A,B,B,B,B,B,B,A,A,A,A,B,B,B,B,B,B,A,A,A,A,A,A,A,B,B,B,B,B,A,B,A,A,B,A,A,A,A,A,A,A,A,A,A,A,B,B,B,B
67,B,A,A,A,A,A,B,A,A,A,B,B,B,B,A,A,B,B,B,B,B,B,B,B,B,B,B,B,B,B,B,B,B,A,A,A,A,A,A,A,A,B,B,A,B,B,A,B,A,A,B,B,B,B,B,B,B,B,B,B,B,B,B,A,B,B,B,B,B,B,B,B,B,A,A,B,B,A,A,A
68,A,A,A,A,A,A,A,A,A,A,A,A,B,B,B,A,A,B,A,B,A,A,A,A,A,A,A,A,A,A,B,A,A,A,A,A,A,B,A,A,A,A,A,A,A,A,A,A,B,A,B,A,B,B,B,B,A,A,B,B,A,A,A,A,A,A,A,A,A,A,A,A,A,A,B,A,A,A,A,A
69,A,A,A,A,A,A,A,A,A,A,A,A,A,A,A,A,A,A,B,B,B,A,B,A,A,A,A,A,A,A,A,A,B,B,B,B,A,A,A,A,A,A,A,A,B,A,A,B,A,A,A,A,B,A,A,A,B,B,B,B,A,B,B,B,A,A,B,B,A,B,B,B,A,B,B,B,B,B,B,B
70,A,A,B,B,B,B,B,B,B,B,B,A,A,A,B,B,B,B,B,B,B,B,B,B,B,B,B,B,B,B,B,B,A,A,A,A,B,A,B,B,B,B,B,B,B,B,A,B,B,B,B,B,B,A,A,A,A,A,A,A,A,A,A,A,B,B,B,B,B,A,A,A,B,A,B,B,A,A,A,B
71,B,A,A,A,A,A,A,A,B,B,B,A,A,A,A,A,A,B,A,A,A,A,A,A,A,A,A,A,A,B,A,A,B,B,B,B,B,B,A,A,A,A,A,A,A,A,A,A,B,B,B,A,A,B,A,A,B,B,B,B,B,B,B,B,A,B,A,B,B,B,B,B,A,B,B,B,B,B,A,B
72,B,B,B,A,A,A,A,B,B,A,A,A,A,A,A,A,B,B,B,B,B,B,B,B,B,B,B,B,B,B,A,A,B,B,B,A,B,A,A,B,B,B,B,A,A,B,B,B,B,B,B,A,A,A,A,A,B,B,B,B,B,B,B,B,B,B,B,B,B,B,B,A,A,A,A,A,A,B,B,B
73,A,A,A,A,A,A,B,B,B,B,A,A,A,B,B,B,B,B,B,A,B,A,B,A,A,A,A,A,A,A,A,A,B,B,B,B,B,A,A,A,A,A,A,A,A,A,A,A,B,B,A,A,A,A,A,B,B,B,B,B,B,B,B,B,A,A,A,A,A,A,A,A,A,B,A,B,B,B,A,A
74,B,B,B,A,B,A,A,A,A,A,A,A,B,B,B,B,B,B,B,B,B,B,B,B,B,B,B,B,B,B,B,B,A,A,A,A,A,A,A,A,A,A,B,B,B,B,B,A,A,A,A,A,B,B,B,B,B,B,B,B,B,B,B,A,B,B,B,B,B,B,B,B,B,B,B,B,B,B,B,B
75,B,B,B,B,B,B,B,B,B,A,A,A,A,A,A,A,B,A,A,A,A,A,A,A,A,A,A,A,A,A,A,A,A,A,A,A,A,A,A,B,A,A,A,A,B,B,A,A,B,B,B,B,B,B,B,B,B,B,B,B,B,B,B,B,A,A,A,A,A,A,A,A,A,A,A,A,A,A,A,A
76,B,B,B,B,A,B,B,B,B,B,B,B,B,B,B,B,B,B,B,B,B,A,A,A,A,A,A,A,A,A,A,A,B,B,B,B,B,B,B,B,B,B,A,A,A,A,A,A,B,B,B,B,B,B,B,B,B,B,B,B,B,B,B,A,B,B,B,A,B,B,B,B,B,B,B,B,B,B,B,B
77,B,B,B,A,A,A,A,A,A,A,A,A,A,A,A,A,A,A,A,A,A,B,B,B,B,B,B,A,A,A,A,A,A,A,A,A,A,B,A,B,B,B,B,B,B,B,B,B,B,B,B,A,A,A,A,A,A,A,B,B,B,B,B,B,A,B,B,B,B,B,B,B,B,B,B,B,B,B,B,B
78,A,B,B,B,B,A,A,A,A,A,B,B,B,B,A,A,B,A,B,B,A,A,A,A,A,A,A,A,A,B,B,B,A,A,A,A,A,A,A,A,A,B,B,B,B,B,B,B,A,A,A,A,A,A,A,A,A,A,A,A,B,B,A,A,B,B,B,B,B,A,A,B,A,A,A,A,A,A,A,A
79,A,A,A,A,A,B,B,B,B,B,B,B,B,B,B,B,B,B,B,B,A,A,A,A,A,A,A,A,A,A,A,A,A,A,A,A,A,A,A,A,A,A,B,A,A,A,A,A,A,A,A,A,A,A,A,A,A,A,B,A,B,B,A,A,A,A,A,A,A,A,A,A,A,A,A,A,A,A,A,A
80,B,B,B,A,A,A,A,A,A,B,B,B,B,B,A,A,B,B,A,A,A,A,A,B,B,A,A,A,A,B,B,B,B,B,B,B,A,B,B,B,B,B,B,B,B,A,A,A,A,A,A,A,A,A,A,A,B,B,B,B,B,B,B,B,B,B,B,B,B,B,B,B,B,B,B,B,B,B,B,B
81,B,B,B,B,A,A,A,A,B,B,B,B,B,B,B,B,A,A,A,B,A,B,A,A,A,A,A,A,A,A,A,A,B,B,A,A,A,A,A,A,A,A,B,B,B,B,B,B,A,A,A,B,B,B,A,A,A,A,A,B,B,A,B,B,A,A,A,A,A,B,B,B,B,B,B,B,B,B,B,B
82,A,A,A,A,B,B,A,A,A,A,A,B,B,B,B,B,B,B,B,B,B,B,B,B,B,B,B,B,B,B,B,B,A,A,B,A,A,A,A,A,A,A,A,A,A,A,A,A,B,B,B,B,B,B,B,B,B,B,B,B,B,B,B,A,A,A,A,A,A,A,A,A,A,A,A,A,A,B,B,B
83,B,B,B,B,B,A,A,A,A,A,A,A,B,A,A,A,B,B,B,B,B,B,A,B,B,B,A,A,B,A,A,A,B,B,B,B,B,B,B,B,B,B,B,B,B,B,B,B,B,B,B,A,A,A,A,A,A,B,B,B,B,B,B,B,B,A,A,A,B,B,A,B,B,B,B,B,B,B,B,B
84,A,B,B,B,B,B,B,B,B,B,B,B,B,B,B,A,A,A,A,A,A,B,B,A,B,B,B,B,B,B,B,B,A,B,B,B,A,B,B,B,B,B,A,A,A,A,B,B,B,B,B,A,A,A,A,A,A,A,A,B,B,B,B,B,A,A,A,A,A,A,A,A,A,A,A,A,A,A,A,A
85,A,A,A,A,A,A,A,A,A,B,B,B,B,B,B,B,A,A,A,A,A,A,A,B,B,B,B,B,B,B,B,B,A,A,A,A,A,A,A,A,A,B,A,A,B,A,B,B,A,A,A,B,B,B,B,B,B,B,B,B,B,B,B,B,A,A,A,A,A,A,A,A,A,B,B,B,B,B,B,B
86,B,B,B,B,B,B,A,B,B,B,A,A,A,A,A,A,B,A,A,A,A,A,B,B,A,A,A,A,B,B,A,A,B,B,A,B,A,B,B,B,A,A,A,B,A,A,A,B,B,B,B,B,B,B,B,B,B,B,B,B,B,B,B,B,B,A,B,A,A,A,A,A,A,A,A,A,B,A,B,B
87,A,A,A,A,A,A,A,B,B,B,B,B,B,B,B,A,A,A,A,B,A,A,A,A,B,A,A,A,A,A,A,A,B,B,B,A,A,A,A,A,A,A,B,B,B,B,B,B,B,B,B,B,B,B,B,B,B,A,B,B,B,B,B,B,A,A,A,A,B,B,B,B,B,B,B,B,B,B,B,B
88,A,A,A,A,A,A,A,A,B,B,A,A,B,B,B,B,A,A,A,B,A,A,B,B,B,A,A,A,B,B,A,B,B,B,A,A,A,A,A,A,A,A,B,B,B,A,B,B,A,B,B,B,B,B,B,B,B,B,B,A,A,B,A,A,B,B,B,B,B,B,B,B,A,B,B,B,B,B,B,B
89,A,A,A,A,A,A,A,A,A,A,A,B,B,B,B,A,A,A,B,B,B,B,B,B,B,B,B,B,B,B,B,B,B,B,B,B,B,B,B,B,B,B,A,A,A,A,A,A,A,B,B,B,B,A,A,B,A,A,A,A,B,B,B,B,B,B,B,B,B,B,B,B,B,B,A,A,A,A,B,A
90,A,B,B,B,A,A,B,A,A,A,A,A,A,A,A,A,B,B,B,B,B,B,A,A,A,B,A,A,A,A,B,B,A,A,B,B,B,B,B,B,B,B,B,B,B,B,B,A,B,B,A,A,A,B,B,A,B,B,B,A,A,A,A,A,A,A,A,A,A,A,A,A,B,B,B,B,A,A,A,A
91,B,B,B,B,B,B,B,B,B,B,B,B,B,B,B,B,A,A,A,A,A,A,A,A,A,A,A,A,A,B,B,B,B,A,A,B,B,B,B,B,B,B,B,B,B,B,B,B,A,A,A,A,A,A,A,A,A,A,A,A,A,A,A,A,A,B,B,A,A,B,B,B,A,A,A,A,A,A,A,A
92,B,B,B,B,B,B,B,B,B,B,B,B,A,A,A,A,A,B,B,A,A,A,B,B,B,B,A,A,A,A,A,A,A,A,A,B,B,B,B,B,B,B,B,B,B,B,B,B,B,B,B,B,B,B,B,B,B,B,B,B,A,A,A,A,A,A,A,A,A,A,A,A,B,B,B,B,B,A,A,A
93,A,A,A,A,A,A,A,A,A,A,A,A,A,A,A,A,B,B,B,B,A,B,B,B,B,B,B,B,B,B,A,B,A,A,A,A,B,B,A,A,A,A,A,A,A,A,A,A,B,A,A,B,B,B,B,B,B,A,A,A,A,A,A,A,B,B,A,B,B,B,B,B,B,B,B,B,B,B,B,B
94,B,A,A,B,B,A,A,A,A,A,A,A,A,A,A,A,A,A,A,A,A,A,A,A,A,B,B,B,B,B,A,A,A,B,B,B,B,B,A,B,B,B,B,B,B,A,B,A,B,B,B,A,A,A,B,B,B,B,B,B,A,B,B,A,B,B,B,B,B,B,B,B,B,B,B,A,A,B,B,B
95,B,B,B,A,A,B,B,B,B,B,B,B,B,A,A,A,A,A,A,A,A,B,B,A,A,B,B,B,B,B,B,B,A,B,B,A,A,A,A,A,A,A,A,A,B,B,B,B,A,A,A,A,A,A,A,A,B,B,B,A,B,B,B,B,A,A,B,B,B,B,B,A,A,A,A,A,A,A,A,A
96,B,B,A,A,A,A,A,A,A,A,A,A,A,A,A,A,B,A,A,A,A,A,A,A,A,A,A,A,B,B,B,B,B,B,B,B,B,B,B,B,B,B,B,B,B,B,B,A,B,B,B,B,A,A,A,A,A,A,A,A,A,A,A,A,B,B,B,B,B,A,A,A,A,A,A,A,A,A,A,B
97,B,B,B,A,B,B,B,B,B,B,B,B,B,B,B,B,B,B,B,B,B,B,B,B,B,A,A,A,A,A,B,B,B,A,A,A,A,B,B,B,B,A,A,A,A,A,A,A,A,A,A,A,A,A,A,A,A,A,A,A,A,B,B,B,B,B,B,B,B,B,A,A,B,B,B,B,A,A,A,A
98,B,B,B,B,B,B,B,B,B,B,A,B,B,B,B,B,A,A,A,A,A,A,A,A,A,B,B,B,A,B,B,B,A,A,A,B,B,B,B,B,A,A,A,A,A,A,A,A,A,A,A,B,B,B,B,B,B,B,B,B,B,A,A,A,A,A,B,B,B,B,B,B,B,A,A,A,A,A,B,B
99,B,B,B,B,A,B,B,B,B,A,A,A,A,A,A,A,A,A,A,A,A,B,A,B,B,B,A,A,A,A,A,B,A,A,A,B,B,B,B,B,B,B,A,A,A,A,B,B,B,B,B,B,B,B,B,B,B,B,B,B,B,B,A,A,B,B,B,B,B,B,B,B,B,B,B,B,B,B,B,B
100,A,A,A,A,A,B,B,A,B,B,B,B,B,B,B,B,B,A,A,A,A,A,A,A,A,A,A,B,B,A,A,B,B,B,B,B,B,B,B,B,B,B,B,B,B,B,B,B,B,B,B,B,B,B,B,B,B,B,A,A,A,A,A,B,B,B,B,B,B,B,B,B,B,B,B,B,B,A,A,A
101,B,A,A,A,A,B,B,B,B,B,B,B,B,B,B,B,B,B,B,B,B,B,B,B,A,A,A,A,A,A,A,B,A,A,A,A,A,A,A,A,A,B,A,A,B,B,B,B,A,A,A,B,B,A,A,B,B,B,B,B,B,B,B,A,B,B,B,B,B,B,A,A,B,A,A,B,B,B,B,B
102,A,A,A,A,A,A,A,A,A,A,A,A,A,A,A,A,B,B,A,A,A,A,B,B,B,B,B,B,A,A,A,A,B,A,A,B,B,B,A,A,A,A,B,B,A,A,A,A,B,B,B,B,B,B,B,A,B,B,B,B,B,B,B,B,B,B,B,B,B,B,B,B,B,B,B,B,B,B,B,B
103,B,A,A,B,B,B,B,A,B,B,A,B,B,B,B,B,A,A,A,B,B,B,A,A,A,A,B,A,A,A,A,B,A,A,A,A,A,A,A,A,A,A,A,A,A,A,A,A,A,A,A,A,A,A,A,A,A,B,B,B,B,B,A,B,A,A,A,B,B,B,B,B,B,B,A,B,B,B,B,B
104,B,B,B,B,B,A,A,A,A,A,B,A,A,A,A,A,B,A,A,A,A,B,B,B,B,B,B,B,A,A,B,B,B,B,A,A,A,B,B,B,B,B,B,A,A,A,A,A,A,A,A,A,A,A,A,A,A,A,A,A,A,A,A,A,A,A,A,A,A,A,A,A,B,B,A,A,A,B,B,B
105,B,B,B,A,B,B,B,B,B,B,B,B,B,B,B,B,A,A,A,A,A,A,A,A,A,A,A,A,A,A,B,B,A,A,A,B,B,B,B,A,A,B,A,B,B,B,B,B,A,B,B,B,B,B,B,B,B,B,B,B,B,B,B,A,B,B,B,B,B,B,B,B,B,B,B,B,B,B,B,B
106,B,B,B,B,B,B,A,A,A,A,A,A,A,A,B,B,A,A,B,B,A,A,A,A,A,A,A,A,A,A,A,A,B,B,B,B,B,B,A,A,A,A,A,A,A,A,A,B,A,A,A,A,A,A,A,A,A,B,B,A,B,B,A,A,B,B,B,B,B,B,B,B,B,B,B,B,A,B,B,B
107,B,B,B,B,B,B,A,A,A,A,A,B,B,A,A,A,B,B,B,B,B,B,B,B,A,B,B,B,B,B,B,B,A,A,A,A,B,B,B,B,B,B,B,B,A,B,B,B,B,B,B,B,B,B,B,B,B,A,A,A,A,A,A,A,B,A,B,B,B,B,A,A,B,B,B,A,A,A,A,A
108,A,B,B,B,B,B,B,B,B,A,A,A,A,A,A,A,B,B,B,B,A,A,A,A,A,A,A,A,A,A,A,A,B,B,B,B,B,B,B,B,B,B,B,B,B,B,B,B,B,B,B,B,B,B,B,B,B,B,B,B,B,B,B,B,B,B,B,B,B,B,B,B,B,B,B,B,B,B,A,A
109,B,B,B,B,B,B,A,B,B,B,B,B,B,B,A,A,A,B,B,B,A,A,A,A,A,A,B,B,B,B,B,B,A,A,A,A,A,A,A,A,B,B,B,B,B,B,B,B,B,B,B,B,B,B,B,B,B,B,B,B,A,A,B,B,A,A,A,A,B,B,B,B,B,B,A,A,A,A,A,A
110,A,A,A,B,B,B,A,A,A,A,A,B,B,B,A,A,A,A,A,A,A,A,A,A,A,A,A,A,A,B,B,B,A,A,A,A,A,A,A,A,A,A,A,A,B,A,A,A,B,B,A,A,A,A,A,A,A,A,B,B,B,B,B,B,A,A,A,A,B,B,A,B,B,B,B,B,A,B,B,B
111,B,B,B,B,B,B,B,B,B,B,B,B,B,B,B,A,A,A,A,A,A,A,A,A,A,B,B,B,B,B,B,B,A,A,B,B,A,A,B,B,B,B,B,B,B,B,B,B,B,B,B,B,B,B,B,B,B,B,B,A,A,A,A,A,A,A,B,B,B,A,A,A,B,B,B,A,A,A,A,A
112,B,A,A,A,A,A,A,A,A,A,A,B,B,B,B,A,A,B,B,B,A,A,A,A,A,A,A,A,A,A,B,B,A,A,A,A,A,A,A,A,B,B,A,A,A,A,B,B,B,B,A,B,B,A,A,A,A,B,B,B,A,A,A,A,A,A,B,B,B,B,B,B,A,A,A,A,A,A,A,A
113,A,A,A,A,A,A,B,B,A,A,A,A,A,A,A,B,A,A,A,A,A,A,A,A,A,A,A,A,A,A,A,A,B,B,B,B,A,B,B,B,B,B,B,B,B,B,B,B,A,A,A,A,A,A,A,B,B,A,B,B,B,B,B,A,A,A,B,B,B,B,B,B,B,B,B,B,B,B,B,A
114,A,A,A,A,A,A,A,A,A,A,A,A,A,A,A,A,B,B,B,B,B,B,B,B,A,A,A,B,B,B,B,B,B,B,B,A,A,B,B,B,B,B,B,B,B,B,B,B,B,B,B,B,A,B,B,B,B,B,A,A,A,B,B,A,B,A,A,A,B,B,B,B,B,B,B,B,B,B,B,B
115,A,A,A,A,A,A,A,A,A,A,A,B,B,B,B,B,B,B,B,B,B,B,B,B,B,B,B,B,B,B,B,B,A,A,A,A,A,A,A,A,A,A,A,A,A,A,A,A,A,B,B,B,B,A,A,A,B,A,A,B,B,B,A,A,A,A,B,A,B,B,B,B,A,B,B,B,B,B,B,B
116,A,A,A,A,A,A,A,A,A,A,A,A,A,A,A,A,B,B,B,B,B,B,B,B,B,B,A,A,A,A,A,A,B,B,B,B,A,A,B,B,B,B,B,B,B,B,B,B,A,A,A,B,B,B,A,A,A,A,A,A,A,A,B,A,A,A,A,B,B,B,B,B,B,B,A,A,A,A,A,A
117,B,B,B,B,B,B,B,B,B,B,B,B,B,B,B,B,B,A,A,A,A,A,A,A,A,A,A,A,A,A,A,A,B,B,B,B,B,B,B,A,A,A,A,B,B,B,B,B,A,A,A,A,B,B,A,A,A,A,A,A,B,B,B,A,A,A,A,A,B,B,B,B,B,B,B,B,B,B,B,A
118,B,B,A,A,A,B,B,A,A,A,A,A,A,A,A,A,A,A,B,B,B,B,B,B,B,B,B,B,B,B,B,B,A,A,A,A,A,A,A,B,B,A,A,B,B,B,B,B,A,A,A,A,A,A,A,A,A,B,A,A,B,B,B,B,A,A,A,A,A,A,A,A,A,A,A,A,B,B,B,A
119,A,A,A,A,A,A,A,B,B,A,A,A,A,A,A,A,B,B,A,A,A,A,A,A,A,A,A,A,A,B,B,B,A,A,A,A,A,A,B,B,B,A,A,A,A,A,A,A,B,B,B,B,B,B,B,B,B,B,B,B,B,B,B,A,B,B,B,B,B,B,A,A,A,A,A,A,B,A,A,A
120,A,A,A,A,A,A,A,A,A,A,A,A,A,B,A,B,B,A,A,A,A,A,A,A,A,B,B,B,A,A,A,A,B,B,B,B,B,A,A,A,B,B,B,B,A,B,B,B,A,A,A,A,B,B,B,B,B,B,B,B,A,A,A,A,B,B,B,B,A,A,A,A,A,A,A,B,A,A,B,B
121,A,A,A,A,A,A,A,B,B,A,A,A,A,A,A,A,A,A,A,A,A,A,A,B,B,A,B,B,B,B,B,A,A,A,A,A,A,A,A,A,A,A,A,A,B,B,B,A,A,A,A,A,A,A,A,A,A,A,A,A,A,A,A,A,B,B,B,B,B,A,A,A,A,B,B,B,B,B,B,B
122,A,A,B,B,B,B,B,B,B,B,B,A,A,A,A,A,A,B,B,B,A,A,B,B,A,A,A,A,A,A,A,B,B,B,B,B,B,B,B,B,B,B,B,B,B,B,B,B,A,A,A,A,A,A,A,B,B,A,A,A,B,B,B,B,A,A,B,B,B,A,A,A,A,A,A,A,A,A,A,A
123,A,A,A,A,A,A,A,A,B,B,B,B,B,B,B,A,A,A,A,A,A,A,A,A,A,A,A,A,A,A,A,A,A,A,A,B,B,B,B,A,A,B,A,B,A,B,B,B,A,A,A,A,A,A,A,A,A,A,B,A,A,A,A,A,B,B,A,A,A,A,A,A,A,A,A,A,A,A,B,A
124,B,B,B,B,A,A,B,A,A,A,A,A,A,A,A,A,A,A,A,A,B,B,B,A,A,B,A,A,A,A,A,A,B,B,B,B,B,B,B,B,B,B,B,B,B,B,B,B,A,A,A,B,B,A,B,B,B,A,B,B,B,A,B,B,A,A,A,A,A,A,A,A,A,A,A,A,A,A,A,A
125,A,A,A,A,A,A,B,B,B,B,B,B,B,B,B,B,A,A,A,A,A,A,A,A,A,A,A,A,A,A,A,A,B,B,B,B,B,B,B,A,A,B,B,B,B,A,A,A,B,B,B,B,B,B,B,B,B,B,A,A,A,B,B,B,A,A,A,A,A,A,A,A,A,A,A,A,A,A,A,B
126,A,A,A,A,A,A,A,A,A,A,A,B,B,B,B,A,A,A,A,A,A,A,A,A,A,A,B,B,B,B,B,B,B,B,B,B,B,B,B,B,B,B,B,B,A,A,A,A,B,B,B,B,B,B,B,B,B,B,B,B,B,A,A,A,A,A,A,A,A,A,A,A,A,A,A,B,B,B,B,B
127,B,B,B,A,A,A,A,A,A,A,A,A,A,B,B,B,B,B,B,B,B,B,A,A,A,A,A,A,A,A,A,A,A,A,A,A,A,A,A,A,A,A,A,A,A,A,A,A,B,B,B,B,A,A,B,B,B,B,A,A,A,A,A,A,A,A,A,A,A,A,A,A,A,A,A,A,B,B,A,A
128,A,B,B,B,B,B,B,B,B,B,B,B,B,B,B,B,B,B,B,B,B,B,A,B,B,B,B,B,B,B,B,A,B,B,B,B,B,B,B,B,B,B,B,B,B,B,B,B,B,B,B,B,B,B,B,B,B,B,B,B,B,B,A,B,A,A,A,A,A,B,B,B,B,B,B,A,A,A,A,A
129,A,B,B,B,B,A,B,B,B,B,B,B,B,B,B,B,B,B,B,B,B,A,A,B,B,B,B,B,B,B,B,A,A,A,A,A,A,A,A,A,B,B,B,B,B,B,B,B,B,B,B,B,A,A,A,A,B,B,B,A,A,A,A,A,B,B,B,B,B,B,B,B,A,A,A,A,B,B,B,B
130,B,A,A,A,B,A,A,B,B,B,B,B,B,B,B,A,A,A,A,B,B,B,B,B,B,B,B,B,B,B,B,A,A,A,B,B,B,B,B,B,B,B,B,B,B,B,B,B,A,A,A,A,A,B,B,B,B,B,B,B,A,A,A,A,A,A,B,B,B,B,B,B,B,B,B,B,A,A,A,A
131,B,B,B,A,B,B,B,A,A,B,B,B,B,B,B,B,B,B,B,B,B,B,A,B,B,B,B,A,A,A,A,A,A,B,A,A,A,A,A,A,A,A,A,A,A,A,A,A,A,A,A,B,A,B,B,B,B,B,B,B,A,A,A,A,B,B,A,B,B,B,B,B,B,A,A,A,A,A,A,A
132,B,B,B,B,B,B,B,B,B,B,A,A,A,A,A,A,A,A,A,A,B,B,B,B,B,B,B,A,A,A,A,A,B,B,B,B,B,B,B,B,B,B,B,B,B,B,B,B,A,A,A,B,B,B,B,B,B,B,B,B,B,B,B,B,B,B,A,A,A,A,A,A,A,A,B,B,B,B,B,B
133,B,A,A,A,B,A,A,B,A,A,A,B,B,B,B,B,B,B,B,B,B,B,B,B,B,B,B,B,B,B,B,B,A,A,A,B,B,B,B,B,B,B,B,B,B,B,A,A,A,A,A,A,A,A,B,B,B,B,B,B,B,B,B,B,A,A,A,A,A,A,A,A,A,A,A,B,A,A,A,B
134,B,B,B,B,B,B,A,A,A,A,A,A,A,A,A,A,A,A,A,A,A,B,B,A,A,A,A,A,A,A,A,B,A,A,A,B,B,A,A,B,B,B,B,B,B,A,A,A,B,B,B,B,A,A,A,A,A,B,B,B,B,B,B,B,A,A,A,B,B,B,B,A,A,A,A,A,A,B,B,A
135,A,A,B,B,B,B,B,B,B,B,B,B,B,A,B,A,B,B,B,B,B,B,B,B,B,B,B,B,B,B,B,B,A,B,A,A,A,A,A,A,A,A,A,A,A,A,A,A,B,B,B,B,B,A,A,A,A,A,A,A,A,A,A,A,A,A,A,B,B,B,A,A,A,A,A,A,A,A,A,A
136,A,A,A,A,B,A,B,B,B,B,B,A,A,A,A,B,B,B,B,B,B,B,B,A,A,A,B,B,B,B,A,A,B,B,B,B,B,B,B,B,B,B,B,B,B,B,B,B,B,B,B,A,A,B,B,B,B,B,B,B,B,B,B,B,A,B,B,B,B,B,B,B,A,A,A,B,A,A,A,A
137,B,B,B,A,B,B,B,A,A,A,B,B,B,B,B,B,A,A,A,B,B,B,A,A,A,B,B,B,B,B,B,B,B,B,A,A,B,B,B,B,B,B,B,A,A,A,A,A,A,A,A,A,A,A,A,A,A,A,A,A,B,B,B,B,B,B,B,B,B,B,A,A,A,A,A,A,A,A,A,A
138,B,B,B,B,A,A,B,B,B,B,B,B,B,B,A,A,B,A,B,B,B,B,B,B,B,B,B,B,B,B,B,A,A,A,A,A,A,A,A,A,A,A,A,A,A,A,B,B,B,B,B,B,B,B,B,B,B,B,B,B,B,B,A,A,A,A,A,A,B,B,A,A,A,A,A,B,B,B,B,B
139,B,B,B,B,B,B,B,B,B,B,B,B,B,B,A,A,B,B,B,B,B,B,B,B,A,A,A,A,A,A,A,A,B,B,B,B,B,B,A,B,A,A,A,B,B,B,A,A,B,A,A,A,B,A,A,A,B,B,B,A,A,A,A,A,A,A,B,B,B,A,A,A,B,B,B,B,A,A,A,A
140,A,A,A,B,B,B,B,B,B,B,B,B,B,B,B,B,A,A,A,A,A,A,A,A,A,A,A,A,A,A,A,A,B,B,B,B,B,B,B,B,B,B,B,B,B,B,B,B,A,B,B,B,B,B,B,B,A,A,A,B,A,A,A,A,B,B,B,A,A,A,A,A,A,A,A,A,A,A,A,A
141,B,B,B,B,B,B,B,A,A,A,A,A,A,A,A,A,A,B,B,B,B,B,B,B,B,A,A,A,B,A,A,A,B,B,B,B,B,B,B,B,B,B,B,B,B,A,A,A,B,A,A,A,A,A,A,A,A,A,A,B,B,B,B,B,B,B,B,B,B,B,B,B,B,B,B,B,B,B,B,B
142,B,B,A,A,A,A,A,A,A,A,A,A,A,A,A,A,B,A,A,B,A,A,B,B,B,B,A,B,B,B,B,B,A,A,A,A,A,A,A,A,A,A,A,A,A,A,A,A,A,A,A,A,A,A,B,B,B,B,B,A,A,B,B,A,B,B,B,B,B,B,B,B,B,B,B,B,B,B,B,B
143,B,B,B,B,B,B,B,A,B,A,A,A,B,B,B,B,B,B,B,B,B,B,B,A,A,A,A,A,A,A,A,A,B,B,B,B,B,B,B,B,B,B,B,B,B,B,A,A,B,B,B,B,A,A,A,A,A,A,A,A,A,B,A,A,A,A,A,A,A,A,A,B,B,B,B,B,B,B,A,A
144,A,B,A,B,A,A,A,B,B,B,B,A,A,A,A,A,A,A,A,A,A,A,A,A,A,A,A,A,A,A,A,A,B,B,B,B,B,B,B,A,B,B,B,B,B,B,B,B,B,A,A,A,A,A,A,A,A,A,B,B,B,A,A,A,B,B,B,B,B,B,A,A,A,A,A,A,A,A,A,A
145,A,A,A,A,A,B,B,B,B,B,B,B,B,B,B,B,A,A,A,A,B,B,A,A,A,B,B,B,B,A,B,B,B,B,B,B,B,B,B,B,B,B,B,B,B,B,B,B,A,A,A,A,A,A,A,A,A,A,A,A,A,A,A,A,A,A,A,A,A,A,B,A,A,A,B,B,B,B,B,B
146,A,A,A,A,A,A,A,A,A,A,A,A,A,A,A,A,B,A,A,B,B,A,A,A,A,B,B,A,B,A,A,A,B,B,B,B,B,B,B,B,B,B,B,B,A,A,A,B,A,A,A,A,A,A,A,A,A,A,A,A,A,A,A,A,B,A,B,B,B,B,B,B,B,B,B,A,B,B,B,B
147,A,A,A,A,A,A,A,A,A,A,A,B,B,B,B,A,B,B,A,A,A,B,A,A,B,B,B,B,B,A,A,A,A,A,A,B,B,B,B,B,A,A,A,A,A,A,B,B,B,B,A,A,A,A,A,A,B,B,B,B,B,B,B,B,A,A,A,A,A,A,A,A,A,A,A,B,B,A,B,B
148,A,A,A,A,A,A,B,B,B,B,B,B,B,B,A,A,B,B,B,B,B,B,B,B,B,B,B,B,B,B,B,B,B,B,B,B,B,B,B,B,B,B,A,A,A,A,A,B,A,A,A,A,A,A,A,A,A,B,B,B,B,B,B,B,B,B,B,B,A,A,A,A,A,A,A,A,A,A,A,A
149,B,B,B,B,B,B,B,B,B,B,B,B,B,B,B,B,A,B,A,A,A,A,A,A,B,B,B,B,B,B,B,B,A,A,A,A,A,B,B,A,A,A,A,A,A,A,A,A,B,A,A,A,B,B,B,B,B,B,A,A,A,B,B,A,B,B,B,B,B,B,B,B,B,B,B,B,A,A,B,B
150,A,B,B,B,A,B,A,B,B,A,A,A,A,A,B,A,B,B,A,A,A,A,A,A,A,A,A,A,A,A,A,A,B,B,B,B,B,B,B,B,B,B,B,B,B,B,B,A,A,A,A,B,B,B,B,A,A,A,A,A,A,A,A,A,B,A,A,A,A,A,A,B,B,B,B,B,B,B,B,A
151,A,A,A,A,A,B,B,B,B,B,B,B,B,B,A,B,B,B,B,B,B,A,A,B,B,B,B,B,B,B,B,B,A,B,B,A,A,A,A,A,A,A,A,A,A,A,A,A,B,B,B,B,B,B,B,B,B,B,B,B,B,B,B,A,B,B,B,B,B,B,B,B,B,B,A,A,A,A,A,B
152,B,B,B,B,B,B,B,B,A,A,A,A,A,B,B,B,A,A,B,A,A,A,A,A,A,A,A,A,A,A,A,A,B,B,B,B,B,B,B,B,B,B,B,B,B,B,B,B,B,A,A,A,A,A,A,A,A,A,A,A,A,B,A,A,A,B,A,B,B,A,A,A,A,A,A,A,A,A,B,B
153,A,A,B,B,B,B,B,B,B,B,B,A,A,B,B,B,B,B,B,B,B,B,B,B,B,B,B,A,A,A,A,A,B,B,B,B,B,A,A,A,A,A,A,A,B,B,B,B,A,A,A,A,B,B,B,B,B,A,A,A,A,A,A,A,A,A,B,B,B,B,A,A,B,B,B,B,A,A,B,B
154,A,A,A,A,A,A,A,A,A,A,A,B,B,B,B,B,B,B,B,A,A,A,A,A,A,A,A,A,A,A,A,A,B,B,B,B,B,A,A,A,A,A,B,B,A,A,B,B,A,A,A,A,A,A,A,A,A,A,A,A,A,A,A,A,B,B,B,B,B,A,A,B,B,B,B,B,B,B,B,B
155,A,B,B,B,B,B,B,B,A,A,A,A,A,A,A,A,A,A,A,B,B,B,B,A,A,A,A,A,A,A,A,A,B,B,B,A,A,A,A,B,B,B,A,A,B,A,A,A,B,B,B,B,B,B,B,B,B,B,B,B,B,A,A,A,B,A,B,B,B,B,B,B,B,B,A,A,A,A,A,A
156,A,B,B,A,A,A,A,A,A,A,A,A,A,A,A,A,A,A,A,A,A,A,A,A,A,A,B,B,B,A,A,A,B,B,B,B,B,B,B,B,B,B,B,B,B,A,A,A,B,A,A,A,A,A,A,A,A,A,A,A,A,A,A,A,A,B,B,A,B,B,B,B,B,A,B,B,A,A,B,B
157,B,B,B,B,B,B,B,B,B,B,B,B,B,B,A,A,A,A,A,A,A,B,B,B,B,B,B,B,A,A,A,B,B,B,B,A,A,B,B,A,A,B,A,A,A,A,A,A,A,B,A,A,A,B,B,B,B,B,B,B,B,B,B,B,A,B,B,A,B,B,B,A,A,A,A,B,B,B,B,B
158,B,B,B,B,A,A,A,A,A,A,A,A,A,A,A,A,A,A,A,A,A,A,A,B,B,A,A,B,B,B,B,B,A,A,A,B,B,B,B,B,B,B,B,B,A,A,A,A,B,B,B,B,B,B,B,B,B,B,B,B,A,A,A,A,A,A,A,A,A,A,A,A,A,A,B,B,B,B,B,B
159,B,B,B,B,B,B,B,A,A,A,A,A,A,A,A,A,A,A,A,A,A,A,A,A,B,B,A,A,A,B,A,A,B,B,B,B,B,B,B,B,A,A,A,A,A,A,A,B,B,B,B,B,B,B,B,A,A,A,A,A,A,A,A,B,B,A,A,A,A,A,B,B,B,B,B,B,B,B,A,B
160,A,A,A,B,B,B,A,A,B,B,B,B,B,A,A,A,B,B,B,B,B,B,B,B,A,A,A,A,A,B,B,B,A,B,B,A,A,A,A,A,A,A,A,A,A,A,A,A,B,A,A,A,A,A,A,A,A,A,A,A,A,A,B,B,B,B,B,B,B,B,B,A,A,B,B,B,B,A,B,B
161,A,A,A,A,A,A,B,B,B,B,B,B,B,B,B,B,B,B,B,B,B,B,B,B,B,A,A,B,B,B,B,A,A,A,B,A,A,A,A,A,A,A,A,A,A,A,A,A,B,B,A,A,A,A,A,A,A,A,A,A,A,A,B,B,A,B,B,B,B,A,B,B,B,B,B,B,B,B,A,A
162,A,A,A,A,A,B,B,B,B,A,A,A,A,A,A,A,B,A,A,A,A,A,A,A,A,A,B,A,A,A,A,A,B,B,B,B,B,B,B,B,B,B,B,B,B,A,A,A,B,A,A,A,A,A,A,B,B,A,A,A,A,A,B,B,A,A,A,A,A,A,A,A,A,B,B,B,B,B,A,A
163,A,A,A,A,A,A,A,A,A,A,A,B,B,B,A,A,A,A,A,A,B,A,B,A,A,A,A,A,A,A,B,B,A,A,A,B,B,B,A,A,A,A,A,A,B,B,B,B,A,B,B,B,A,A,A,A,A,A,A,A,A,A,A,A,A,B,A,A,A,A,A,A,B,B,B,B,B,B,B,B
164,B,B,B,B,A,A,A,A,A,A,A,A,A,A,A,A,A,A,A,A,B,B,B,A,A,A,A,B,B,B,B,B,B,B,A,A,A,A,A,A,B,B,B,B,A,A,B,B,B,B,B,B,B,B,B,B,A,B,B,B,B,A,B,B,A,B,A,A,A,A,A,A,A,B,B,A,A,B,B,B
165,B,B,B,B,B,B,B,B,B,B,B,B,B,B,A,B,A,A,A,A,A,A,A,A,A,A,B,B,B,B,B,A,A,A,A,A,A,A,A,A,A,A,A,A,A,A,B,A,B,B,B,B,B,B,B,B,A,B,B,B,B,B,B,B,B,B,B,B,B,B,B,B,B,B,B,B,B,B,B,B
166,B,B,A,A,A,B,B,A,A,B,B,B,A,A,B,B,B,B,B,B,B,A,A,A,A,B,B,B,B,B,B,B,B,B,A,A,A,A,A,B,B,B,B,A,B,A,A,A,A,A,A,B,B,B,B,B,B,B,B,B,B,B,B,A,B,B,B,B,B,B,B,B,B,B,A,A,A,A,A,A
167,A,A,A,A,A,A,A,A,B,B,B,A,A,A,A,A,A,A,B,B,A,A,A,A,A,A,B,B,B,B,B,B,A,A,A,A,B,B,B,A,A,A,A,A,A,A,A,A,B,B,B,B,B,A,A,A,A,A,A,B,A,B,B,B,A,A,A,B,B,B,A,A,A,A,A,A,B,B,B,B
168,A,A,A,A,B,B,B,B,B,B,B,A,B,B,B,A,A,A,A,A,A,A,A,A,A,A,A,B,B,B,B,B,B,B,B,B,B,A,B,B,B,B,B,A,A,A,A,A,A,B,B,B,B,B,B,B,B,B,B,B,A,A,A,B,B,B,A,A,A,A,A,B,B,B,B,A,A,B,B,B
169,A,A,A,A,A,A,A,A,A,A,A,A,B,B,B,A,B,B,B,A,B,B,B,B,B,A,A,A,A,A,A,A,B,B,B,A,A,A,A,A,A,A,B,B,B,B,B,A,A,A,B,B,B,B,B,B,B,B,B,B,B,B,B,B,A,A,B,B,B,B,B,B,B,B,B,B,B,B,B,B
170,A,A,A,A,A,A,A,A,A,A,A,A,A,B,B,B,A,B,B,A,A,A,B,B,B,A,B,A,A,A,A,A,A,A,A,A,A,A,B,B,B,B,B,A,A,A,A,A,B,B,B,B,B,B,A,A,A,A,A,A,A,A,A,A,B,B,A,A,A,A,A,A,B,A,B,B,B,B,B,B
171,A,B,B,B,B,B,B,A,A,A,A,A,A,A,B,A,A,A,A,A,B,B,B,B,B,A,A,B,A,B,A,A,B,B,B,B,B,B,B,A,A,B,B,B,A,A,B,B,A,A,A,A,A,A,A,A,A,A,A,A,A,A,A,A,A,A,A,A,A,B,B,B,B,B,B,B,B,A,A,A
172,A,A,A,A,A,A,A,A,B,A,B,B,B,A,A,A,B,B,B,B,A,A,A,A,A,A,A,A,A,B,B,B,B,B,B,B,B,B,B,A,A,A,A,A,A,A,A,B,A,A,B,B,B,B,B,B,A,B,B,B,B,B,B,B,B,B,B,B,B,A,B,B,B,B,B,B,B,B,A,A
173,B,A,B,A,A,A,A,A,A,B,B,B,B,B,A,A,A,A,A,A,A,A,A,A,B,B,B,A,A,B,A,B,B,B,A,A,B,B,B,B,B,B,B,B,B,B,B,B,A,A,A,A,A,B,B,B,B,B,B,B,B,B,B,B,B,A,A,A,A,A,A,B,B,A,A,A,A,A,B,B
174,B,B,A,B,B,B,B,B,B,B,A,B,B,B,B,A,B,B,B,B,B,B,B,B,B,B,B,B,B,B,B,B,A,A,B,B,A,B,B,B,B,B,B,B,B,B,B,B,A,B,A,A,A,A,B,A,B,B,B,B,A,A,A,A,A,A,A,A,A,A,B,B,B,B,A,B,A,A,A,A
175,A,A,A,A,A,A,A,A,A,A,A,B,B,B,B,B,B,B,B,B,B,B,B,B,B,B,B,B,B,B,B,B,B,B,B,B,B,B,B,B,B,B,B,B,A,A,A,A,A,A,A,B,B,B,B,B,B,B,B,B,B,B,B,B,B,B,B,B,A,B,B,A,A,A,A,A,A,A,B,B
176,A,A,A,B,B,B,B,B,A,A,A,A,A,B,A,A,B,B,B,A,A,B,B,B,B,B,B,A,A,B,A,A,A,A,A,A,A,A,A,A,A,A,A,A,B,A,A,A,A,A,A,A,A,A,A,A,A,A,A,A,A,A,A,A,A,A,A,A,A,A,A,A,B,B,B,B,A,A,A,A
177,A,A,A,A,A,A,A,A,B,A,B,B,B,B,B,B,B,B,B,B,A,A,B,B,B,B,B,B,B,B,B,B,B,B,B,A,A,B,A,A,A,A,A,A,A,B,A,A,B,B,B,B,B,B,B,B,B,B,B,A,A,A,A,A,A,A,A,B,B,B,B,B,A,A,A,A,A,A,A,A
178,B,B,B,B,B,B,B,B,B,B,B,B,A,A,A,A,A,A,B,B,B,B,B,B,B,B,B,B,B,B,B,B,B,B,B,B,B,B,B,A,B,B,B,B,B,B,B,B,B,A,A,A,B,A,A,A,A,A,A,A,A,A,A,A,A,A,B,B,B,B,B,B,B,A,A,A,B,B,B,B
179,A,A,A,B,B,B,B,A,A,A,A,A,A,A,A,A,A,B,A,A,A,A,A,A,A,A,A,A,A,A,A,A,B,B,B,B,B,B,B,A,A,A,A,A,A,B,A,A,A,A,A,A,A,A,A,A,A,A,A,A,B,B,B,B,B,B,B,B,B,B,B,B,B,B,B,B,B,B,B,A
180,B,B,B,A,A,A,A,A,A,A,A,A,A,A,A,A,B,B,B,B,B,B,B,B,B,B,B,B,B,A,A,A,B,B,B,A,A,B,A,A,A,A,A,B,B,B,A,A,A,A,A,A,A,A,B,B,B,B,B,B,B,B,B,B,A,A,A,A,A,A,A,B,B,B,B,B,A,A,A,A
181,A,A,A,A,A,A,B,A,A,A,B,B,B,B,B,A,B,B,B,B,B,B,B,B,B,B,B,B,B,B,B,B,B,B,B,B,B,A,A,A,A,A,A,A,A,A,A,A,B,B,B,A,A,A,B,B,B,B,B,B,B,B,B,B,B,B,B,A,A,A,A,A,A,A,A,B,A,A,A,B
182,A,B,B,B,B,B,B,B,B,B,B,B,A,A,A,A,A,A,A,A,B,B,B,B,B,B,B,B,B,B,B,B,A,B,B,A,A,A,A,A,A,B,A,A,A,A,A,A,B,B,B,B,B,B,B,B,B,B,B,B,A,A,A,A,B,B,A,B,B,B,B,B,B,A,A,A,A,B,A,A
183,A,A,A,B,B,B,B,A,A,A,A,A,A,B,B,B,B,B,B,B,B,B,B,B,B,B,B,B,B,A,B,B,A,A,A,A,A,A,A,A,A,A,A,B,B,B,B,B,A,A,A,A,A,A,B,B,B,B,B,B,A,A,A,A,A,A,A,B,B,A,A,A,B,B,B,B,B,B,B,B
184,A,A,A,A,A,B,B,B,A,A,A,A,B,B,A,A,B,B,B,B,A,A,A,A,A,A,A,A,A,A,A,B,B,B,B,B,B,B,A,A,A,A,A,B,B,A,B,B,B,B,B,B,B,B,A,B,B,B,B,A,A,A,B,B,A,A,A,A,A,A,A,A,A,A,A,A,A,A,B,B
185,B,B,B,B,B,B,B,B,B,B,A,B,B,A,A,B,B,A,A,A,A,A,A,A,A,A,A,A,A,A,A,B,B,B,B,B,B,B,B,B,B,B,B,B,B,B,A,A,A,A,B,A,A,A,A,A,A,B,B,B,B,A,B,B,B,B,B,B,A,A,A,A,A,A,A,A,A,A,A,A
186,A,A,A,A,A,A,A,A,A,A,B,B,B,B,B,B,A,A,A,A,A,A,A,A,A,A,A,A,A,A,A,B,B,B,B,B,B,B,B,B,B,B,B,B,B,B,B,B,B,B,A,A,B,A,A,A,A,A,A,B,B,B,B,B,B,B,B,B,B,B,B,B,B,B,B,B,B,B,B,A
187,B,B,B,B,A,B,B,B,B,B,B,B,B,A,A,A,B,B,B,B,B,B,A,A,A,A,B,B,B,B,A,B,A,B,B,B,A,A,A,A,B,B,B,B,B,B,B,B,B,B,A,A,A,A,A,A,A,A,B,B,A,A,B,B,A,A,A,A,A,A,A,A,A,B,B,B,B,B,A,A
188,B,B,B,B,A,B,A,A,B,B,B,B,B,B,B,A,A,A,A,A,A,A,B,A,A,A,A,A,A,A,A,A,A,A,A,A,A,A,A,B,A,A,A,A,A,A,A,A,B,B,B,B,B,B,B,B,B,A,B,B,B,B,B,A,A,A,A,A,A,A,A,A,A,A,B,B,B,B,B,B
189,A,A,A,A,A,A,A,A,A,A,A,A,A,A,A,A,B,B,B,B,B,B,B,B,B,B,B,B,B,B,B,B,B,B,B,B,B,A,A,A,A,A,A,A,B,B,B,A,B,B,B,B,B,B,B,A,A,A,A,A,A,A,A,A,A,A,A,A,A,A,A,A,A,A,A,B,B,B,B,B
190,B,B,A,A,A,A,A,B,B,B,B,B,B,B,B,B,A,A,A,A,A,A,A,A,A,A,A,A,A,A,A,A,A,A,A,A,A,B,B,B,B,B,B,B,B,B,B,B,A,A,A,A,A,A,A,B,B,B,B,A,B,B,B,B,A,A,A,A,A,A,A,A,A,A,A,A,A,A,B,B
191,A,A,A,B,B,B,B,B,B,B,B,A,A,A,A,B,B,B,A,A,A,B,B,B,B,B,B,B,B,B,B,B,B,B,B,B,B,B,B,B,B,A,A,B,B,B,B,B,B,B,B,B,B,B,B,B,B,A,A,A,A,A,A,B,A,A,A,A,A,A,A,A,A,A,A,B,A,A,A,A
192,B,B,B,B,B,B,B,A,A,B,B,A,A,A,A,A,B,A,A,A,A,B,A,A,B,B,B,B,B,A,B,B,A,B,B,B,B,B,B,B,A,A,A,B,A,A,B,B,B,B,A,A,A,A,B,B,B,B,B,B,B,B,B,B,A,A,A,A,B,B,B,B,B,B,B,A,A,A,A,A
193,A,A,A,A,A,B,B,B,B,A,A,A,A,A,A,B,A,A,A,B,B,B,B,B,A,A,A,A,A,A,A,A,A,A,A,A,A,A,B,A,B,A,B,B,B,B,B,B,A,A,A,A,B,B,B,A,B,B,B,B,B,B,B,A,B,A,A,A,A,A,A,A,A,A,A,A,A,A,A,A
194,A,A,A,A,A,A,B,B,B,B,B,B,B,B,B,A,A,A,A,A,A,A,A,A,A,A,A,A,B,B,B,B,B,A,A,A,A,B,B,B,A,A,A,A,A,A,A,A,B,B,B,B,A,B,A,B,B,B,B,B,A,A,A,A,B,B,A,A,A,A,A,A,A,A,A,B,B,B,A,A
195,A,A,A,A,A,A,A,A,A,A,A,B,B,B,B,B,A,A,B,B,B,B,A,A,A,A,A,A,A,A,A,B,B,A,A,B,B,B,B,B,B,B,B,B,B,B,A,A,B,B,B,B,B,B,B,B,B,B,B,B,B,B,B,B,A,A,B,A,A,A,A,B,A,B,B,B,A,A,A,A
196,B,B,B,B,B,B,B,B,B,B,B,B,B,B,B,B,B,B,B,B,B,B,B,B,B,B,A,A,A,A,A,A,B,A,A,B,B,B,A,A,A,A,A,B,B,A,B,A,B,A,B,B,B,B,B,B,B,B,B,A,A,B,B,A,B,B,B,B,A,B,B,B,B,B,B,B,B,B,B,B
